{
	"materials":[
		{ "name":"multimat", "multi":["mat1","mat2","mat3"] },
		{ "name":"mat1", "ambient":[255.0,0.0,0.0], "diffuse":[255.0,0.0,0.0], "specular":[229.5,229.5,229.5], "opacity":1.0 },
		{ "name":"mat2", "ambient":[0.0,255.0,0.0], "diffuse":[0.0,255.0,0.0], "specular":[229.5,229.5,229.5], "opacity":1.0 },
		{ "name":"mat3", "ambient":[0.0,0.0,255.0], "diffuse":[0.0,0.0,255.0], "specular":[229.5,229.5,229.5], "opacity":1.0 }
	],
	"meshes":[
		{
			"name":"Boxes1",
			"material":"multimat",
			"vertices":[-39.3701,4.69328e-006,-39.3701,-39.3701,-8.13512e-006,39.3701,39.3701,8.13512e-006,-39.3701,39.3701,-4.69328e-006,39.3701,-39.3701,39.3701,-39.3701,-39.3701,39.3701,39.3701,39.3701,39.3701,-39.3701,39.3701,39.3701,39.3701,-39.3701,39.3701,-39.3701,-39.3701,39.3701,39.3701,39.3701,39.3701,-39.3701,39.3701,39.3701,39.3701,-39.3701,78.7402,-39.3701,-39.3701,78.7402,39.3701,39.3701,78.7402,-39.3701,39.3701,78.7402,39.3701,-39.3701,78.7402,-39.3701,-39.3701,78.7402,39.3701,39.3701,78.7402,-39.3701,39.3701,78.7402,39.3701,-39.3701,118.11,-39.3701,-39.3701,118.11,39.3701,39.3701,118.11,-39.3701,39.3701,118.11,39.3701],
			"vertex_indices":[
				[0,1,5,5,4,0,1,3,7,7,5,1,3,2,6,6,7,3,2,0,4,4,6,2],
				[8,9,13,13,12,8,9,11,15,15,13,9,11,10,14,14,15,11,10,8,12,12,14,10],
				[16,17,21,21,20,16,17,19,23,23,21,17,19,18,22,22,23,19,18,16,20,20,22,18]
			],
			"normals":[0.0,1.0,0.0,0.0,-1.0,-2.50986e-007,0.0,1.0,1.36587e-007,1.0,0.0,0.0,0.0,1.0,0.0,-1.4534e-007,-1.0,-1.93787e-007,1.4534e-007,1.0,1.93787e-007,1.0,0.0,0.0,-1.4534e-007,1.0,1.93787e-007,1.79487e-007,-1.0,0.0,-1.79487e-007,1.0,1.25493e-007,1.0,2.08086e-007,0.0,-1.5964e-007,1.0,1.65187e-007,1.93787e-007,-1.0,0.0,-1.93787e-007,1.0,0.0,1.0,1.93787e-007,0.0,0.0,1.0,1.93787e-007,0.0,-1.0,-1.93787e-007,0.0,1.0,1.93787e-007,1.0,0.0,0.0,0.0,1.0,1.93787e-007,0.0,-1.0,-1.93787e-007,0.0,1.0,1.93787e-007,1.0,0.0,0.0],
			"uvs":[0.0,0.0,1.0,0.0,0.0,1.0,1.0,1.0,0.0,0.0,1.0,0.0,0.0,1.0,1.0,1.0,0.0,0.0,1.0,0.0,0.0,1.0,1.0,1.0,0.0,0.0,1.0,0.0,0.0,1.0,1.0,1.0,0.0,0.0,1.0,0.0,0.0,1.0,1.0,1.0,0.0,0.0,1.0,0.0,0.0,1.0,1.0,1.0,0.0,0.0,1.0,0.0,0.0,1.0,1.0,1.0,0.0,0.0,1.0,0.0,0.0,1.0,1.0,1.0,0.0,0.0,1.0,0.0,0.0,1.0,1.0,1.0],
			"uv_indices":[4,5,7,7,6,4,0,1,3,3,2,0,4,5,7,7,6,4,0,1,3,3,2,0,16,17,19,19,18,16,12,13,15,15,14,12,16,17,19,19,18,16,12,13,15,15,14,12,28,29,31,31,30,28,24,25,27,27,26,24,28,29,31,31,30,28,24,25,27,27,26,24],
			"skinIndices":[0,0,0,0,0,0,0,0,0,0,0,0,0,0,0,0,0,0,0,0,0,0,0,0,0,0,0,0,0,0,0,0,1,0,0,0,1,0,0,0,1,0,0,0,1,0,0,0,1,0,0,0,1,0,0,0,1,0,0,0,1,0,0,0,2,0,0,0,2,0,0,0,2,0,0,0,2,0,0,0,2,0,0,0,2,0,0,0,2,0,0,0,2,0,0,0],
			"skinWeights":[1.0,0,0,0,1.0,0,0,0,1.0,0,0,0,1.0,0,0,0,1.0,0,0,0,1.0,0,0,0,1.0,0,0,0,1.0,0,0,0,1.0,0,0,0,1.0,0,0,0,1.0,0,0,0,1.0,0,0,0,1.0,0,0,0,1.0,0,0,0,1.0,0,0,0,1.0,0,0,0,1.0,0,0,0,1.0,0,0,0,1.0,0,0,0,1.0,0,0,0,1.0,0,0,0,1.0,0,0,0,1.0,0,0,0,1.0,0,0,0],
			"bones":[
				{ "name":"Bone001", "parent":-1, "pos":[0.0,0.0,0.0], "rot":[0,0,0], "rotq":[0.5,0.5,-0.5,-0.5], "scl":[1.0,1.0,1.0] },
				{ "name":"Bone002", "parent":0, "pos":[39.3701,-6.4142e-006,1.72092e-006], "rot":[0,0,0], "rotq":[0.0,0.0,0.0,1.0], "scl":[1.0,1.0,1.0] },
				{ "name":"Bone003", "parent":1, "pos":[39.3701,-6.4142e-006,1.72092e-006], "rot":[0,0,0], "rotq":[0.0,0.0,0.0,1.0], "scl":[1.0,1.0,1.0] }
			]
		}
	]
}
