{
	"name":"Boxes1",
	"bones":[
		{ "name":"Bone001", "parent":-1, "pos":[0.0,0.0,0.0], "rot":[0,0,0], "rotq":[-0.5,0.5,-0.5,-0.5], "scl":[1.0,1.0,1.0] },
		{ "name":"Bone002", "parent":0, "pos":[39.3701,-6.4142e-006,1.72092e-006], "rot":[0,0,0], "rotq":[0.0,0.0,0.0,-1.0], "scl":[1.0,1.0,1.0] },
		{ "name":"Bone003", "parent":1, "pos":[39.3701,-6.4142e-006,1.72092e-006], "rot":[0,0,0], "rotq":[0.0,0.0,0.0,-1.0], "scl":[1.0,1.0,1.0] }
	]
}
