{
	"meshes":[
		{
			"name":"Plane001",
			"vertex_positions":[33.9025,0.0,3.25307,39.6129,0.0,3.25307,45.3233,0.0,3.25307,51.0337,0.0,3.25307,56.7442,0.0,3.25307,33.9025,0.0,-3.61518,39.6129,0.0,-3.61518,45.3233,0.0,-3.61518,51.0337,0.0,-3.61518,56.7442,0.0,-3.61518,33.9025,0.0,-10.4834,39.6129,0.0,-10.4834,45.3233,0.0,-10.4834,51.0337,0.0,-10.4834,56.7442,0.0,-10.4834,33.9025,0.0,-17.3517,39.6129,0.0,-17.3517,45.3233,0.0,-17.3517,51.0337,0.0,-17.3517,56.7442,0.0,-17.3517,33.9025,0.0,-24.2199,39.6129,0.0,-24.2199,45.3233,0.0,-24.2199,51.0337,0.0,-24.2199,56.7442,0.0,-24.2199],
			"vertex_indices":[
				[5,0,6,1,6,0,6,1,7,2,7,1,7,2,8,3,8,2,8,3,9,4,9,3,10,5,11,6,11,5,11,6,12,7,12,6,12,7,13,8,13,7,13,8,14,9,14,8,15,10,16,11,16,10,16,11,17,12,17,11,17,12,18,13,18,12,18,13,19,14,19,13,20,15,21,16,21,15,21,16,22,17,22,16,22,17,23,18,23,17,23,18,24,19,24,18]
			],
			"normals":[0.0,0.0,1.0,0.0,0.0,1.0,0.0,0.0,1.0,0.0,0.0,1.0,0.0,0.0,1.0,0.0,0.0,1.0,0.0,0.0,1.0,0.0,0.0,1.0,0.0,0.0,1.0,0.0,0.0,1.0,0.0,0.0,1.0,0.0,0.0,1.0,0.0,0.0,1.0,0.0,0.0,1.0,0.0,0.0,1.0,0.0,0.0,1.0,0.0,0.0,1.0,0.0,0.0,1.0,0.0,0.0,1.0,0.0,0.0,1.0,0.0,0.0,1.0,0.0,0.0,1.0,0.0,0.0,1.0,0.0,0.0,1.0,0.0,0.0,1.0],
			"uv":[0.0,0.0,0.25,0.0,0.5,0.0,0.75,0.0,1.0,0.0,0.0,0.0,0.25,0.0,0.5,0.0,0.75,0.0,1.0,0.0,0.0,0.0,0.25,0.0,0.5,0.0,0.75,0.0,1.0,0.0,0.0,0.25,0.25,0.25,0.5,0.25,0.75,0.25,1.0,0.25,0.0,0.5,0.25,0.5,0.5,0.5,0.75,0.5,1.0,0.5,0.0,0.75,0.25,0.75,0.5,0.75,0.75,0.75,1.0,0.75,0.0,1.0,0.25,1.0,0.5,1.0,0.75,1.0,1.0,1.0],
			"uv_indices":[15,10,16,11,16,10,16,11,17,12,17,11,17,12,18,13,18,12,18,13,19,14,19,13,20,15,21,16,21,15,21,16,22,17,22,16,22,17,23,18,23,17,23,18,24,19,24,18,25,20,26,21,26,20,26,21,27,22,27,21,27,22,28,23,28,22,28,23,29,24,29,23,30,25,31,26,31,25,31,26,32,27,32,26,32,27,33,28,33,27,33,28,34,29,34,28]
		}
	]
}
