{
	"version": "0.1",
	"meshes": {
		"TANK": {
			"mt": "Tank",
			"ps": [3.39e-07,1.0335,0],
			"rt": [-0.5,0.5,0.5,-0.5],
			"sc": [1,1,1],
			"vp": [ -2.3068,0.46887,-1.7486, 2.8645,0.4768,-1.7486, 3.5903,0.88527,-1.7486, 3.618,1.2818,-1.7486, 2.3609,1.6077,-1.7486, -3.437,1.7409,-1.7486, -3.4319,1.2347,-1.7486, -2.3068,0.46887,1.7514, 2.8645,0.4768,1.7514, 3.5903,0.88527,1.7514, 3.618,1.2818,1.7514, 2.3609,1.6077,1.7514, -3.437,1.7409,1.7514, -3.4319,1.2347,1.7514, -2.0302,1.7489,-1.613, 2.3465,1.6991,-1.613, 2.3429,2.3355,-1.4158, -2.0336,2.6217,-1.0092, -2.0302,1.7489,1.587, 2.3465,1.6991,1.587, 2.3429,2.3355,1.4064, -2.0336,2.6217,1.0194, 1.069,2.153,-0.13939, 1.065,1.837,-0.13939, 6.373,1.8942,-0.13939, 6.3755,2.0958,-0.13939, 1.069,2.153,0.16061, 1.065,1.837,0.16061, 6.373,1.8942,0.16061, 6.3755,2.0958,0.16061, -2.2716,0.01373,0.98517, 2.3385,0.024947,0.98517, 3.292,0.61383,0.98517, 3.2936,1.1784,0.98517, -3.2748,1.1495,0.98517, -3.2755,0.72039,0.98517, -2.2716,0.01373,1.6352, 2.3385,0.024947,1.6352, 3.292,0.61383,1.6352, 3.2936,1.1784,1.6352, -3.2748,1.1495,1.6352, -3.2755,0.72039,1.6352, -2.2716,0.01373,-1.6572, 2.3385,0.024947,-1.6572, 3.292,0.61383,-1.6572, 3.2936,1.1784,-1.6572, -3.2748,1.1495,-1.6572, -3.2755,0.72039,-1.6572, -2.2716,0.01373,-1.0072, 2.3385,0.024947,-1.0072, 3.292,0.61383,-1.0072, 3.2936,1.1784,-1.0072, -3.2748,1.1495,-1.0072, -3.2755,0.72039,-1.0072, 1.0335,1.2029,1, 1.0335,1.2029,-1, -0.96651,1.2029,1, -0.96651,1.2029,-1, 1.0335,2.2029,1, 1.0335,2.2029,-1, -0.96651,2.2029,1, -0.96651,2.2029,-1 ],
			"vi": [
				[8,7,0,0,1,8,9,8,1,1,2,9,10,9,2,2,3,10,11,10,3,3,4,11,12,11,4,4,5,12,13,12,5,5,6,13,7,13,6,6,0,7,3,2,1,4,3,1,4,1,0,4,0,6,4,6,5,11,12,13,11,13,7,11,7,8,8,9,10,11,8,10,19,18,14,14,15,19,20,19,15,15,16,20,21,20,16,16,17,21,18,21,17,17,14,18,16,15,14,14,17,16,18,19,20,20,21,18,27,26,22,22,23,27,28,27,23,23,24,28,26,29,25,25,22,26,22,25,24,24,23,22,28,29,26,26,27,28],
				[],
				[],
				[29,28,24,24,25,29,37,36,30,30,31,37,38,37,31,31,32,38,39,38,32,32,33,39,40,39,33,33,34,40,41,40,34,34,35,41,36,41,35,35,30,36,30,35,34,31,30,34,32,31,34,32,34,33,38,39,40,40,41,36,40,36,37,38,40,37,49,48,42,42,43,49,50,49,43,43,44,50,51,50,44,44,45,51,52,51,45,45,46,52,53,52,46,46,47,53,48,53,47,47,42,48,42,47,46,43,42,46,44,43,46,44,46,45,50,51,52,52,53,48,52,48,49,50,52,49,54,56,57,57,55,54,58,59,61,61,60,58,54,55,59,59,58,54,55,57,61,61,59,55,57,56,60,60,61,57,56,54,58,58,60,56]
			],
			"fn": [
				[0.0015337,-1,0,0.0015337,-1,0,0.49049,-0.87145,0,0.49049,-0.87145,0,0.99756,-0.069829,0,0.99756,-0.069829,0,0.25089,0.96802,0,0.25089,0.96802,0,0.022982,0.99974,0,0.022982,0.99974,0,-0.99995,-0.0099928,0,-0.99995,-0.0099928,0,-0.5627,-0.82666,0,-0.5627,-0.82666,0,0,0,-1,0,0,-1,0,0,-1,0,0,-1,0,0,-1,0,0,1,0,0,1,0,0,1,0,0,1,0,0,1,-0.01139,-0.99994,0,-0.01139,-0.99994,0,0.99998,0.0057139,0,0.99998,0.0057139,0,0.065238,0.99787,0,0.065238,0.99787,0,-0.99999,-0.0038927,0,-0.99999,-0.0038925,0,0.0033723,0.29605,-0.95517,-0.039186,0.56845,-0.82178,0.0031085,0.27289,0.96204,-0.038474,0.54463,0.83779,-0.99992,0.012647,0,-0.99992,0.012647,0,0.010769,-0.99994,0,0.010769,-0.99994,0,0.010772,0.99994,0,0.010772,0.99994,0,-1.3778e-07,-2.3631e-06,-1,0,0,-1,1.4415e-07,2.9543e-06,1,0,0,1],
				[],
				[],
				[0.99992,-0.012663,0,0.99992,-0.012663,0,0.0024331,-1,0,0.0024331,-1,0,0.52549,-0.8508,0,0.52549,-0.8508,0,1,-0.0028751,0,1,-0.0028751,0,-0.0043916,0.99999,0,-0.0043916,0.99999,0,-1,0.00148,0,-1,0.00148,0,-0.57561,-0.81773,0,-0.57561,-0.81773,0,0,0,-1,0,0,-1,0,0,-1,0,0,-1,0,0,1,0,0,1,0,0,1,0,0,1,0.0024331,-1,0,0.0024331,-1,0,0.52549,-0.8508,0,0.52549,-0.8508,0,1,-0.0028743,0,1,-0.0028743,0,-0.0043916,0.99999,0,-0.0043916,0.99999,0,-1,0.00148,0,-1,0.00148,0,-0.57561,-0.81773,0,-0.57561,-0.81773,0,0,0,-1,0,0,-1,0,0,-1,0,0,-1,0,0,1,0,0,1,0,0,1,0,0,1,0,-1,0,0,-1,0,0,1,0,0,1,0,1,0,-1.7881e-07,1,0,-1.7881e-07,-1.1921e-07,0,-1,0,1.1921e-07,-1,-1,0,1.1921e-07,-1,0,1.1921e-07,1.1921e-07,2.3842e-07,1,2.3842e-07,0,1]
			],
			"uv": [ -0.7584,-0.083333, 0.96537,-0.083333, 1.2073,-0.083333, 0.48805,-0.083333, 0.20251,-0.083333, 2.1351,-0.083333, 0.52766,-0.083333, -0.7584,1.0833, 0.96537,1.0833, 1.2073,1.0833, 0.48805,1.0833, 0.20251,1.0833, 2.1351,1.0833, 0.52766,1.0833, -0.66621,-0.038145, 0.79269,-0.038145, 0.83928,0.027609, 1.6673,0.16315, -0.66621,1.0285, 0.79269,1.0285, 0.83928,0.96835, 1.6673,0.83935, 0.22156,0.45307, 0.32689,0.45307, 2.1351,0.45307, 0.78176,0.45307, 0.22156,0.55307, 0.32689,0.55307, 2.1351,0.55307, 0.78176,0.55307, -0.74666,0.82793, 0.79004,0.82793, 1.1078,0.82793, 0.45356,0.82793, 2.0811,0.82793, 0.6991,0.82793, -0.74666,1.0446, 0.79004,1.0446, 1.1078,1.0446, 0.45356,1.0446, 2.0811,1.0446, 0.6991,1.0446, -0.74666,-0.052859, 0.79004,-0.052859, 1.1078,-0.052859, 0.45356,-0.052859, 2.0811,-0.052859, 0.6991,-0.052859, -0.74666,0.16381, 0.79004,0.16381, 1.1078,0.16381, 0.45356,0.16381, 2.0811,0.16381, 0.6991,0.16381, 0.35502,0.83287, 0.35502,0.1662, -0.31165,0.83287, -0.31165,0.1662, 0.64498,0.83287, 0.64498,0.1662, 1.3116,0.83287, 1.3116,0.1662, 0.35586,-0.083333, 0.35586,1.0833, -0.21654,-0.083333, -0.21654,1.0833, 0.35892,-0.083333, 0.35892,1.0833, -1.1334,-0.083333, -1.1334,1.0833, 0.20251,0.59666, -0.21654,0.48805, -0.20728,0.35586, 0.034628,0.2197, 1.7584,0.21706, 2.1334,0.47234, 2.1351,0.64108, 0.79749,0.59666, -1.1351,0.64108, -1.1334,0.47234, -0.7584,0.21706, 0.96537,0.2197, 1.2073,0.35586, 1.2165,0.48805, 0.62712,-0.038145, 0.62712,1.0285, 0.20852,0.027609, 0.20852,0.96835, 0.065345,0.16315, 0.35626,-0.038145, 0.35626,1.0285, 0.065345,0.83935, 0.20852,0.83928, 0.20731,0.62712, 1.6662,0.64374, 1.6673,0.93466, 0.79148,0.83928, -0.66734,0.93466, -0.66621,0.64374, 0.79269,0.62712, 0.36619,0.45307, 0.36619,0.55307, 0.71454,0.45307, 0.71454,0.55307, -1.1351,0.45307, 0.63381,0.45307, 0.63381,0.55307, -1.1351,0.55307, 0.63381,0.77844, -1.1351,0.78176, -1.1351,0.71454, 0.63381,0.67311, 0.36619,0.77844, 0.36619,0.67311, 2.1351,0.71454, 2.1351,0.78176, 0.26538,0.82793, 0.26538,1.0446, -0.10839,0.82793, -0.10839,1.0446, 0.55605,0.82793, 0.55605,1.0446, -1.0813,0.82793, -1.0813,1.0446, -0.10785,0.26538, 0.20996,0.069083, 1.7467,0.065345, 2.0813,0.3009, 2.0811,0.44395, -0.10839,0.45356, 1.1078,0.26538, 1.1084,0.45356, -1.0811,0.44395, -1.0813,0.3009, -0.74666,0.065345, 0.79004,0.069083, 0.26538,-0.052859, 0.26538,0.16381, -0.10839,-0.052859, -0.10839,0.16381, 0.55605,-0.052859, 0.55605,0.16381, -1.0813,-0.052859, -1.0813,0.16381, -0.10785,0.26538, 0.20996,0.069083, 1.7467,0.065345, 2.0813,0.3009, 2.0811,0.44395, -0.10839,0.45356, 1.1078,0.26538, 1.1084,0.45356, -1.0811,0.44395, -1.0813,0.3009, -0.74666,0.065345, 0.79004,0.069083, 0.46173,0.83287, 0.46173,0.1662, 0.79506,0.1662, 0.79506,0.83287, 0.64498,0.46173, 1.3116,0.46173, 1.3116,0.79506, 0.64498,0.79506, 0.53827,0.1662, 0.53827,0.83287, 0.20494,0.83287, 0.20494,0.1662, -0.31165,0.46173, 0.35502,0.46173, 0.35502,0.79506, -0.31165,0.79506 ],
			"ui": [8,7,0,0,1,8,9,8,1,1,2,9,10,63,62,62,3,10,11,65,64,64,4,11,12,11,4,4,5,12,13,67,66,66,6,13,7,69,68,68,0,7,71,72,73,70,71,73,70,73,74,70,74,75,70,75,76,77,78,79,77,79,80,77,80,81,81,82,83,77,81,83,19,18,14,14,15,19,20,85,84,84,16,20,21,87,86,86,17,21,90,91,88,88,89,90,92,93,94,94,95,92,98,99,96,96,97,98,27,26,22,22,23,27,28,101,100,100,24,28,29,103,102,102,25,29,106,107,104,104,105,106,108,109,110,110,111,108,114,115,112,112,113,114,37,36,30,30,31,37,38,37,31,31,32,38,39,117,116,116,33,39,40,119,118,118,34,40,41,121,120,120,35,41,36,123,122,122,30,36,126,127,128,125,126,128,124,125,128,124,128,129,130,131,132,132,133,134,132,134,135,130,132,135,49,48,42,42,43,49,50,49,43,43,44,50,51,137,136,136,45,51,52,139,138,138,46,52,53,141,140,140,47,53,48,143,142,142,42,48,146,147,148,145,146,148,144,145,148,144,148,149,150,151,152,152,153,154,152,154,155,150,152,155,54,56,57,57,55,54,58,59,61,61,60,58,156,157,158,158,159,156,160,161,162,162,163,160,164,165,166,166,167,164,168,169,170,170,171,168 ],
			"sk": "TANK",