{
	"version": "0.1",
	"skeletons": {
		"TANK": [
			{ "nm":"Bone001", "pr":-1, "ps":[3.39001e-07,0,-1.03349], "rt":[0.5,0.5,0.5,0.5], "sc":[1,1,1] },
			{ "nm":"Bone002", "pr":0, "ps":[1.98536,5.96046e-07,-2.53753e-07], "rt":[0.5,0.5,0.5,0.5], "sc":[1,1,1] },
			{ "nm":"Bone003", "pr":1, "ps":[1.0335,-1.65574e-07,1.19209e-07], "rt":[0,-1.47498e-07,0,1], "sc":[1,1,1] }
		]
	}
}
