{
	"version": "0.1",
	"skeletons": {
		"TANK": [
			{ "nm":"Bone001", "pr":-1, "ps":[0.033494,0,0], "rt":[0.70711,-2.1799e-07,-0.70711,-2.976e-07], "sc":[1,1,1] },
			{ "nm":"Bone002", "pr":0, "ps":[1.9854,-2.5375e-07,-5.9605e-07], "rt":[0.5,0.5,-0.5,0.5], "sc":[1,1,1] },
			{ "nm":"Bone003", "pr":1, "ps":[1.0335,1.1921e-07,1.6557e-07], "rt":[0,0,1.475e-07,1], "sc":[1,1,1] }
		]
	}
}
