{
	"version": "0.1",
	"materials": {
		"Material #95": {
			"multi": [
				"Material #42",
				"Material #44",
				"Material #45",
				"Material #43"
			]
		},
		"Material #42": {
			"texture": "camo.png",
			"ambient": [102,102,102],
			"diffuse": [102,102,102],
			"opacity": 1
		},
		"Material #44": {
			"texture": "camo.png",
			"ambient": [255,154,154],
			"diffuse": [255,154,154],
			"opacity": 1
		},
		"Material #45": {
			"texture": "camo.png",
			"ambient": [204,204,204],
			"diffuse": [204,204,204],
			"opacity": 1
		},
		"Material #43": {
			"ambient": [25.5,25.5,25.5],
			"diffuse": [25.5,25.5,25.5],
			"opacity": 1
		}
	},
	"meshes": {
		"TANK": {
			"material": "Material #95",
			"skeleton": "TANK",
			"position": [0,0.00966918,-1.03349],
			"orientation": [0.5,-0.5,0.5,0.5],
			"scale": [1,1,1],
			"vertex_positions": [-2.12166,0,0.551237, 3.04965,0,0.543306, 3.77538,0,0.134835, 3.80314,0,-0.261739, 2.546,0,-0.587559, -3.25186,0,-0.720838, -3.2468,0,-0.214623, -2.12166,3.5,0.551237, 3.04965,3.5,0.543306, 3.77538,3.5,0.134835, 3.80314,3.5,-0.261739, 2.546,3.5,-0.587559, -3.25186,3.5,-0.720838, -3.2468,3.5,-0.214623, -1.84508,0.135566,-0.728815, 2.53162,0.135566,-0.678959, 2.52798,0.332828,-1.31544, -1.84848,0.739436,-1.60156, -1.84508,3.33557,-0.728815, 2.53162,3.33557,-0.678959, 2.52798,3.15504,-1.31544, -1.84848,2.76806,-1.60156, 1.25409,1.60922,-1.13291, 1.25009,1.60922,-0.816945, 6.55807,1.60922,-0.874108, 6.56063,1.60922,-1.07574, 1.25409,1.90922,-1.13291, 1.25009,1.90922,-0.816945, 6.55807,1.90922,-0.874108, 6.56063,1.90922,-1.07574, -2.08645,2.73379,1.00637, 2.52365,2.73379,0.995156, 3.47708,2.73379,0.406274, 3.4787,2.73379,-0.158276, -3.08972,2.73379,-0.12943, -3.09036,2.73379,0.299715, -2.08645,3.38379,1.00637, 2.52365,3.38379,0.995156, 3.47708,3.38379,0.406274, 3.4787,3.38379,-0.158276, -3.08972,3.38379,-0.12943, -3.09036,3.38379,0.299715, -2.08645,0.0914232,1.00637, 2.52365,0.0914232,0.995156, 3.47707,0.0914232,0.406274, 3.4787,0.0914232,-0.158276, -3.08972,0.0914232,-0.129429, -3.09036,0.0914232,0.299715, -2.08645,0.741423,1.00637, 2.52365,0.741423,0.995156, 3.47707,0.741423,0.406274, 3.4787,0.741423,-0.158276, -3.08972,0.741423,-0.129429, -3.09036,0.741423,0.299715, 1.2186,2.74861,-0.182774, 1.2186,0.748614,-0.182774, -0.781404,2.74861,-0.182774, -0.781404,0.748614,-0.182774, 1.2186,2.74861,-1.18277, 1.2186,0.748614,-1.18277, -0.781404,2.74861,-1.18277, -0.781404,0.748614,-1.18277],
			"vertex_indices": [
				[8,7,0,0,1,8,9,8,1,1,2,9,10,9,2,2,3,10,11,10,3,3,4,11,12,11,4,4,5,12,13,12,5,5,6,13,7,13,6,6,0,7,3,2,1,4,3,1,4,1,0,4,0,6,4,6,5,11,12,13,11,13,7,11,7,8,8,9,10,11,8,10],
				[19,18,14,14,15,19,20,19,15,15,16,20,21,20,16,16,17,21,18,21,17,17,14,18,16,15,14,14,17,16,18,19,20,20,21,18],
				[27,26,22,22,23,27,28,27,23,23,24,28,26,29,25,25,22,26,22,25,24,24,23,22,28,29,26,26,27,28],
				[29,28,24,24,25,29,37,36,30,30,31,37,38,37,31,31,32,38,39,38,32,32,33,39,40,39,33,33,34,40,41,40,34,34,35,41,36,41,35,35,30,36,30,35,34,31,30,34,32,31,34,32,34,33,38,39,40,40,41,36,40,36,37,38,40,37,49,48,42,42,43,49,50,49,43,43,44,50,51,50,44,44,45,51,52,51,45,45,46,52,53,52,46,46,47,53,48,53,47,47,42,48,42,47,46,43,42,46,44,43,46,44,46,45,50,51,52,52,53,48,52,48,49,50,52,49,54,56,57,57,55,54,58,59,61,61,60,58,54,55,59,59,58,54,55,57,61,61,59,55,57,56,60,60,61,57,56,54,58,58,60,56]
			],
			"face_normals": [
				[0.00153374,0,0.999999,0.00153374,0,0.999999,0.490487,0,0.871448,0.490487,0,0.871448,0.997559,0,0.0698288,0.997559,0,0.0698288,0.250887,0,-0.968016,0.250887,0,-0.968016,0.0229816,0,-0.999736,0.0229816,0,-0.999736,-0.99995,0,0.0099928,-0.99995,0,0.0099928,-0.562696,0,0.826664,-0.562696,0,0.826664,0,-1,0,0,-1,0,0,-1,0,0,-1,0,0,-1,0,0,1,0,0,1,0,0,1,0,0,1,0,0,1,0],
				[-0.0113904,0,0.999935,-0.0113904,0,0.999935,0.999984,0,-0.00571389,0.999984,0,-0.00571389,0.0652378,0,-0.99787,0.0652378,0,-0.99787,-0.999992,0,0.00389272,-0.999992,0,0.00389255,0.00337235,-0.955167,-0.296049,-0.0391862,-0.821781,-0.568455,0.00310853,0.96204,-0.272891,-0.0384735,0.837792,-0.544633],
				[-0.99992,0,-0.0126466,-0.99992,0,-0.0126466,0.0107686,0,0.999942,0.0107686,0,0.999942,0.0107716,0,-0.999942,0.0107716,0,-0.999942,-1.37779e-07,-1,2.36312e-06,0,-1,0,1.44147e-07,1,-2.95425e-06,0,1,0],
				[0.99992,0,0.0126628,0.99992,0,0.0126628,0.00243309,0,0.999997,0.00243309,0,0.999997,0.525493,0,0.850798,0.525493,0,0.850798,0.999996,0,0.00287512,0.999996,0,0.00287512,-0.00439161,0,-0.99999,-0.00439161,0,-0.99999,-0.999999,0,-0.00148003,-0.999999,0,-0.00148003,-0.575607,0,0.817727,-0.575607,0,0.817727,0,-1,0,0,-1,0,0,-1,0,0,-1,0,0,1,0,0,1,0,0,1,0,0,1,0,0.00243309,0,0.999997,0.00243309,0,0.999997,0.525493,0,0.850798,0.525493,0,0.850798,0.999996,0,0.00287512,0.999996,0,0.00287512,-0.00439161,0,-0.99999,-0.00439161,0,-0.99999,-0.999999,0,-0.00148003,-0.999999,0,-0.00148003,-0.575607,0,0.817727,-0.575607,0,0.817727,0,-1,0,0,-1,0,0,-1,0,0,-1,0,0,1,0,0,1,0,0,1,0,0,1,0,0,0,1,0,0,1,0,0,-1,0,0,-1,1,-1.78814e-07,0,1,-1.78814e-07,0,-1.19209e-07,-1,0,0,-1,-1.19209e-07,-1,1.19209e-07,0,-1,1.19209e-07,0,1.19209e-07,1,-2.38419e-07,2.38419e-07,1,0]
			],