{
	"version": "0.1",
	"skeletons": {
		"TANK": [
			{ "nm":"Bone001", "pr":-1, "ps":[3.39e-07,1,0], "rt":[0.70711,2.9645e-07,0.70711,0], "sc":[1,1,1] },
			{ "nm":"Bone002", "pr":0, "ps":[1.9854,5.9605e-07,-2.5375e-07], "rt":[0.5,0.5,0.5,0.5], "sc":[1,1,1] },
			{ "nm":"Bone003", "pr":1, "ps":[1.0335,-1.6557e-07,1.1921e-07], "rt":[0,-1.475e-07,0,1], "sc":[1,1,1] }
		]
	}
}
