{
	"version": "0.1",
	"meshes": {
		"Plane001": {
			"mt": "Material #27",
			"ps": [0,0,0],
			"rt": [0.70711,0,0,0.70711],
			"sc": [1,1,1],
			"vi": [
				[2,0,3, 1,3,0]
			],
			"vp": [-3,-1.4,0, 3,-1.4,0, -3,1.4,0, 3,1.4,0],
			"vn": [0,0,1, 0,0,1, 0,0,1, 0,0,1],
			"ui": [
				[2,0,3, 1,3,0]
			],
			"uv": [0,4.7684e-07, 1,0, 0,1, 1,1 ]
		}
	}
}
